tag,subsystem,source,label_status
1_AIT_001_PV,WADI_P1,tag_prefix_rule,verified
1_AIT_002_PV,WADI_P1,tag_prefix_rule,verified
1_AIT_003_PV,WADI_P1,tag_prefix_rule,verified
1_AIT_004_PV,WADI_P1,tag_prefix_rule,verified
1_AIT_005_PV,WADI_P1,tag_prefix_rule,verified
1_FIT_001_PV,WADI_P1,tag_prefix_rule,verified
1_LS_001_AL,WADI_P1,tag_prefix_rule,verified
1_LS_002_AL,WADI_P1,tag_prefix_rule,verified
1_LT_001_PV,WADI_P1,tag_prefix_rule,verified
1_MV_001_STATUS,WADI_P1,tag_prefix_rule,verified
1_MV_002_STATUS,WADI_P1,tag_prefix_rule,verified
1_MV_003_STATUS,WADI_P1,tag_prefix_rule,verified
1_MV_004_STATUS,WADI_P1,tag_prefix_rule,verified
1_P_001_STATUS,WADI_P1,tag_prefix_rule,verified
1_P_002_STATUS,WADI_P1,tag_prefix_rule,verified
1_P_003_STATUS,WADI_P1,tag_prefix_rule,verified
1_P_004_STATUS,WADI_P1,tag_prefix_rule,verified
1_P_005_STATUS,WADI_P1,tag_prefix_rule,verified
1_P_006_STATUS,WADI_P1,tag_prefix_rule,verified
2A_AIT_001_PV,WADI_P2,tag_prefix_rule,verified
2A_AIT_002_PV,WADI_P2,tag_prefix_rule,verified
2A_AIT_003_PV,WADI_P2,tag_prefix_rule,verified
2A_AIT_004_PV,WADI_P2,tag_prefix_rule,verified
2B_AIT_001_PV,WADI_P2,tag_prefix_rule,verified
2B_AIT_002_PV,WADI_P2,tag_prefix_rule,verified
2B_AIT_003_PV,WADI_P2,tag_prefix_rule,verified
2B_AIT_004_PV,WADI_P2,tag_prefix_rule,verified
2_DPIT_001_PV,WADI_P2,tag_prefix_rule,verified
2_FIC_101_CO,WADI_P2,tag_prefix_rule,verified
2_FIC_101_PV,WADI_P2,tag_prefix_rule,verified
2_FIC_101_SP,WADI_P2,tag_prefix_rule,verified
2_FIC_201_CO,WADI_P2,tag_prefix_rule,verified
2_FIC_201_PV,WADI_P2,tag_prefix_rule,verified
2_FIC_201_SP,WADI_P2,tag_prefix_rule,verified
2_FIC_301_CO,WADI_P2,tag_prefix_rule,verified
2_FIC_301_PV,WADI_P2,tag_prefix_rule,verified
2_FIC_301_SP,WADI_P2,tag_prefix_rule,verified
2_FIC_401_CO,WADI_P2,tag_prefix_rule,verified
2_FIC_401_PV,WADI_P2,tag_prefix_rule,verified
2_FIC_401_SP,WADI_P2,tag_prefix_rule,verified
2_FIC_501_CO,WADI_P2,tag_prefix_rule,verified
2_FIC_501_PV,WADI_P2,tag_prefix_rule,verified
2_FIC_501_SP,WADI_P2,tag_prefix_rule,verified
2_FIC_601_CO,WADI_P2,tag_prefix_rule,verified
2_FIC_601_PV,WADI_P2,tag_prefix_rule,verified
2_FIC_601_SP,WADI_P2,tag_prefix_rule,verified
2_FIT_001_PV,WADI_P2,tag_prefix_rule,verified
2_FIT_002_PV,WADI_P2,tag_prefix_rule,verified
2_FIT_003_PV,WADI_P2,tag_prefix_rule,verified
2_FQ_101_PV,WADI_P2,tag_prefix_rule,verified
2_FQ_201_PV,WADI_P2,tag_prefix_rule,verified
2_FQ_301_PV,WADI_P2,tag_prefix_rule,verified
2_FQ_401_PV,WADI_P2,tag_prefix_rule,verified
2_FQ_501_PV,WADI_P2,tag_prefix_rule,verified
2_FQ_601_PV,WADI_P2,tag_prefix_rule,verified
2_LS_001_AL,WADI_P2,tag_prefix_rule,verified
2_LS_002_AL,WADI_P2,tag_prefix_rule,verified
2_LS_101_AH,WADI_P2,tag_prefix_rule,verified
2_LS_101_AL,WADI_P2,tag_prefix_rule,verified
2_LS_201_AH,WADI_P2,tag_prefix_rule,verified
2_LS_201_AL,WADI_P2,tag_prefix_rule,verified
2_LS_301_AH,WADI_P2,tag_prefix_rule,verified
2_LS_301_AL,WADI_P2,tag_prefix_rule,verified
2_LS_401_AH,WADI_P2,tag_prefix_rule,verified
2_LS_401_AL,WADI_P2,tag_prefix_rule,verified
2_LS_501_AH,WADI_P2,tag_prefix_rule,verified
2_LS_501_AL,WADI_P2,tag_prefix_rule,verified
2_LS_601_AH,WADI_P2,tag_prefix_rule,verified
2_LS_601_AL,WADI_P2,tag_prefix_rule,verified
2_LT_001_PV,WADI_P2,tag_prefix_rule,verified
2_LT_002_PV,WADI_P2,tag_prefix_rule,verified
2_MCV_007_CO,WADI_P2,tag_prefix_rule,verified
2_MCV_101_CO,WADI_P2,tag_prefix_rule,verified
2_MCV_201_CO,WADI_P2,tag_prefix_rule,verified
2_MCV_301_CO,WADI_P2,tag_prefix_rule,verified
2_MCV_401_CO,WADI_P2,tag_prefix_rule,verified
2_MCV_501_CO,WADI_P2,tag_prefix_rule,verified
2_MCV_601_CO,WADI_P2,tag_prefix_rule,verified
2_MV_001_STATUS,WADI_P2,tag_prefix_rule,verified
2_MV_002_STATUS,WADI_P2,tag_prefix_rule,verified
2_MV_003_STATUS,WADI_P2,tag_prefix_rule,verified
2_MV_004_STATUS,WADI_P2,tag_prefix_rule,verified
2_MV_005_STATUS,WADI_P2,tag_prefix_rule,verified
2_MV_006_STATUS,WADI_P2,tag_prefix_rule,verified
2_MV_009_STATUS,WADI_P2,tag_prefix_rule,verified
2_MV_101_STATUS,WADI_P2,tag_prefix_rule,verified
2_MV_201_STATUS,WADI_P2,tag_prefix_rule,verified
2_MV_301_STATUS,WADI_P2,tag_prefix_rule,verified
2_MV_401_STATUS,WADI_P2,tag_prefix_rule,verified
2_MV_501_STATUS,WADI_P2,tag_prefix_rule,verified
2_MV_601_STATUS,WADI_P2,tag_prefix_rule,verified
2_PIC_003_CO,WADI_P2,tag_prefix_rule,verified
2_PIC_003_PV,WADI_P2,tag_prefix_rule,verified
2_PIC_003_SP,WADI_P2,tag_prefix_rule,verified
2_PIT_001_PV,WADI_P2,tag_prefix_rule,verified
2_PIT_002_PV,WADI_P2,tag_prefix_rule,verified
2_PIT_003_PV,WADI_P2,tag_prefix_rule,verified
2_P_001_STATUS,WADI_P2,tag_prefix_rule,verified
2_P_002_STATUS,WADI_P2,tag_prefix_rule,verified
2_P_003_SPEED,WADI_P2,tag_prefix_rule,verified
2_P_003_STATUS,WADI_P2,tag_prefix_rule,verified
2_P_004_SPEED,WADI_P2,tag_prefix_rule,verified
2_P_004_STATUS,WADI_P2,tag_prefix_rule,verified
2_SV_101_STATUS,WADI_P2,tag_prefix_rule,verified
2_SV_201_STATUS,WADI_P2,tag_prefix_rule,verified
2_SV_301_STATUS,WADI_P2,tag_prefix_rule,verified
2_SV_401_STATUS,WADI_P2,tag_prefix_rule,verified
2_SV_501_STATUS,WADI_P2,tag_prefix_rule,verified
2_SV_601_STATUS,WADI_P2,tag_prefix_rule,verified
3_AIT_001_PV,WADI_P3,tag_prefix_rule,verified
3_AIT_002_PV,WADI_P3,tag_prefix_rule,verified
3_AIT_003_PV,WADI_P3,tag_prefix_rule,verified
3_AIT_004_PV,WADI_P3,tag_prefix_rule,verified
3_AIT_005_PV,WADI_P3,tag_prefix_rule,verified
3_FIT_001_PV,WADI_P3,tag_prefix_rule,verified
3_LS_001_AL,WADI_P3,tag_prefix_rule,verified
3_LT_001_PV,WADI_P3,tag_prefix_rule,verified
3_MV_001_STATUS,WADI_P3,tag_prefix_rule,verified
3_MV_002_STATUS,WADI_P3,tag_prefix_rule,verified
3_MV_003_STATUS,WADI_P3,tag_prefix_rule,verified
3_P_001_STATUS,WADI_P3,tag_prefix_rule,verified
3_P_002_STATUS,WADI_P3,tag_prefix_rule,verified
3_P_003_STATUS,WADI_P3,tag_prefix_rule,verified
3_P_004_STATUS,WADI_P3,tag_prefix_rule,verified
LEAK_DIFF_PRESSURE,WADI_PLANT,tag_prefix_rule,verified
PLANT_START_STOP_LOG,WADI_PLANT,tag_prefix_rule,verified
TOTAL_CONS_REQUIRED_FLOW,WADI_PLANT,tag_prefix_rule,verified
